position	channelId	channelTitle	videoId	publishedAt	publishedAtSQL	videoTitle	videoDescription	videoCategoryId	videoCategoryLabel	duration	durationSec	dimension	definition	caption	thumbnail_maxres	licensedContent	viewCount	likeCount	dislikeCount	favoriteCount	commentCount
1	UC2QvKS5O6QhqaZi4LyAEUnA	Michael Galarnyk	uOwCiZKj2rg	2020-01-27T08:00:11Z	2020-01-27 08:00:11	Install Anaconda and Jupyter on Windows (2020)	Step by Step Instructions (Blog): https://medium.com/@GalarnykMichael/install-python-anaconda-on-windows-2020-f8e188f9a63d Installing Anaconda and Jupyter on Windows as well as Setting Python and Conda Path (environment variables). This tutorial also deals with conda, python, or jupyter is not recognized errors	28	Science & Technology	PT9M42S	582	2d	hd	false	https://i.ytimg.com/vi/uOwCiZKj2rg/maxresdefault.jpg		21125	207	3	0	31
2	UC2QvKS5O6QhqaZi4LyAEUnA	Michael Galarnyk	BE8CVGJuftI	2019-10-16T02:09:45Z	2019-10-16 02:09:45	Boxplots using Matplotlib, Pandas, and Seaborn Libraries (Python)	This is a free preview video from the Using Python for Data Visualization Course: https://www.linkedin.com/learning/python-for-data-visualization/effectively-present-data-with-python Matplotlib has two prominent wrappers Seaborn and Pandas. After watching this video, you will be able to see when each library should be used. Specifically, you will create boxplots using Matplotlib, Pandas, and Seaborn.	28	Science & Technology	PT5M7S	307	2d	hd	false	https://i.ytimg.com/vi/BE8CVGJuftI/maxresdefault.jpg		15400	85	7	0	10
3	UC2QvKS5O6QhqaZi4LyAEUnA	Michael Galarnyk	hHUZwVWfzbQ	2018-12-31T23:18:51Z	2018-12-31 23:18:51	Python Olympic Visualization Iteration 2 (Histogram Improvements)	From the 120 years of Olympic History Kaggle Dataset: https://www.kaggle.com/heesoo37/120-years-of-olympic-history-athletes-and-results This is a second iteration visualization using Python (Matplotlib, Pandas) and FFMPEG. Added x labels, and better titles. Also made the graphs look better for when there is no data. I think I will go with a type of graph that shows time trends next.	28	Science & Technology	PT59S	59	2d	hd	false			406	9	1	0	0
4	UC2QvKS5O6QhqaZi4LyAEUnA	Michael Galarnyk	lfTauWTbwco	2018-12-31T19:46:22Z	2018-12-31 19:46:22	Python Olympic Visualization Iteration 1 (Histograms, Needs serious work)	From the 120 years of Olympic History Kaggle Dataset: https://www.kaggle.com/heesoo37/120-years-of-olympic-history-athletes-and-results This is a first pass visualization using Python (Matplotlib, Pandas) and FFMPEG.	28	Science & Technology	PT59S	59	2d	hd	false			420	7	0	0	1
5	UC2QvKS5O6QhqaZi4LyAEUnA	Michael Galarnyk	kA_b9NlGUls	2018-11-13T06:58:27Z	2018-11-13 06:58:27	Normal Distribution and Standard Normal Table (Z-Table) Example	Material shown in video: https://towardsdatascience.com/how-to-use-and-create-a-z-table-standard-normal-table-240e21f36e53 z-tables: http://users.stat.ufl.edu/~athienit/Tables/Ztable.pdf	28	Science & Technology	PT4M47S	287	2d	hd	false	https://i.ytimg.com/vi/kA_b9NlGUls/maxresdefault.jpg		5642	12	0	0	1
6	UC2QvKS5O6QhqaZi4LyAEUnA	Michael Galarnyk	hZPNPh5Zg3M	2018-11-06T09:10:24Z	2018-11-06 09:10:24	Python Sets and Set Theory	Blog Post: https://towardsdatascience.com/python-sets-and-set-theory-2ace093d1607 Twitter: https://twitter.com/galarnykmichael	28	Science & Technology	PT10M30S	630	2d	hd	false	https://i.ytimg.com/vi/hZPNPh5Zg3M/maxresdefault.jpg		619	12	0	0	1
7	UC2QvKS5O6QhqaZi4LyAEUnA	Michael Galarnyk	AQCr0zU5Lzg	2018-11-05T06:55:49Z	2018-11-05 06:55:49	Differences between Python Tuples and Lists	Python Lists and List Manipulation: https://towardsdatascience.com/python-basics-6-lists-and-list-manipulation-a56be62b1f95 Python Tuples and Tuple Methods: https://medium.com/@GalarnykMichael/python-tuples-and-tuple-methods-4817a6bb6fff Python Sets and Set Theory: https://towardsdatascience.com/python-sets-and-set-theory-2ace093d1607	28	Science & Technology	PT3M13S	193	2d	hd	false	https://i.ytimg.com/vi/AQCr0zU5Lzg/maxresdefault.jpg		1743	20	0	0	2
8	UC2QvKS5O6QhqaZi4LyAEUnA	Michael Galarnyk	sPf74-YmQuw	2018-05-06T05:10:24Z	2018-05-06 05:10:24	About me + Getting a Data Science Job	I gave a talk for Colorado State University Online that I got permission to republish on my youtube. The original title of the talk was Enlightening Talks “Data Analytics Knowledge is Power in Business”, but most of this is about making a portfolio for data science like careers. Let me Original Talk: https://youtu.be/YgVwNTki0nw	28	Science & Technology	PT30M26S	1826	2d	hd	false	https://i.ytimg.com/vi/sPf74-YmQuw/maxresdefault.jpg		728	28	0	0	3
9	UC2QvKS5O6QhqaZi4LyAEUnA	Michael Galarnyk	mf5u2chPBjY	2018-03-19T07:20:34Z	2018-03-19 07:20:34	Setup Windows Server with Amazon Web Services (AWS) EC2 + Setup Data Science Environment	How to Setup Windows Server 2016 with Amazon Web Services (AWS) + Setup Python, R, RStudio, and Git. Tutorial Based on DataCamp Tutorial: https://www.datacamp.com/community/tutorials/aws-ec2-beginner-tutorial Install Python (Anaconda) on Windows: https://medium.com/@GalarnykMichael/install-python-on-windows-anaconda-c63c7c3d1444 Install R and RStudio on Windows: https://medium.com/@GalarnykMichael/install-r-and-rstudio-on-windows-5f503f708027 The end of the tutorial goes over how a question about how to set python and conda path on windows.	28	Science & Technology	PT18M1S	1081	2d	hd	false	https://i.ytimg.com/vi/mf5u2chPBjY/maxresdefault.jpg		66586	311	16	0	59
10	UC2QvKS5O6QhqaZi4LyAEUnA	Michael Galarnyk	n3Mh9SOSEUA	2017-12-19T08:20:05Z	2017-12-19 08:20:05	Install Git on Windows	Step by Step Tutorial: https://medium.com/@GalarnykMichael/install-git-on-windows-9acf2a1944f0 Install Git on Windows and how to avoid having Vim as your default editor	28	Science & Technology	PT5M16S	316	2d	hd	false			2361	30	0	0	9
11	UC2QvKS5O6QhqaZi4LyAEUnA	Michael Galarnyk	kApPBm1YsqU	2017-12-10T08:17:48Z	2017-12-10 08:17:48	Principal Component Analysis (PCA) using Python (Scikit-learn)	Principal Component Analysis (PCA) using Python (Scikit-learn) Step by Step Tutorial: https://towardsdatascience.com/pca-using-python-scikit-learn-e653f8989e60	28	Science & Technology	PT19M56S	1196	2d	hd	false	https://i.ytimg.com/vi/kApPBm1YsqU/maxresdefault.jpg		105855	624	49	0	66
12	UC2QvKS5O6QhqaZi4LyAEUnA	Michael Galarnyk	O_j3OTXw2_E	2017-09-19T06:43:13Z	2017-09-19 06:43:13	Web Scraping in Python using Scrapy: Scraping a Crowdfunding Website	Web Scraping in Python using Scrapy: Scraping a Crowdfunding Website (Kickstarter/GoFundMe like website called FundRazr) Step by Step Instructions: https://medium.com/@GalarnykMichael/using-scrapy-to-build-your-own-dataset-64ea2d7d4673	28	Science & Technology	PT31M52S	1912	2d	hd	false	https://i.ytimg.com/vi/O_j3OTXw2_E/maxresdefault.jpg		29918	268	23	0	43
13	UC2QvKS5O6QhqaZi4LyAEUnA	Michael Galarnyk	dgjEUcccRwM	2017-08-23T03:05:34Z	2017-08-23 03:05:34	Install Python (Anaconda) on Windows + Setting Python and Conda Path (2017)	Step by Step Instructions (Blog): https://medium.com/@GalarnykMichael/install-python-on-windows-anaconda-c63c7c3d1444 Installing Anaconda on Windows as well as Setting Python and Conda Path (environment variables). This tutorial also deals with conda or python is not recognized errors	28	Science & Technology	PT8M4S	484	2d	hd	false	https://i.ytimg.com/vi/dgjEUcccRwM/maxresdefault.jpg		280387	1188	93	0	176
14	UC2QvKS5O6QhqaZi4LyAEUnA	Michael Galarnyk	1PsPfMaLWSk	2017-08-09T21:54:35Z	2017-08-09 21:54:35	Install R and RStudio on Mac	Installing R and RStudio on Mac: Step by Step Blog Post: https://medium.com/@GalarnykMichael/install-r-and-rstudio-on-mac-e911606ce4f4	28	Science & Technology	PT4M50S	290	2d	hd	false	https://i.ytimg.com/vi/1PsPfMaLWSk/maxresdefault.jpg		43044	186	1	0	21
15	UC2QvKS5O6QhqaZi4LyAEUnA	Michael Galarnyk	apEjxRmIp0I	2017-08-07T06:25:00Z	2017-08-07 06:25:00	While Loops and Prime Numbers using Python	While Loops and Prime Numbers using Python While Loop Code: https://github.com/mGalarnyk/Python_Tutorials/blob/master/Python_Basics/Intro/PythonBasicsWhileLoop.ipynb Prime Numbers Code: https://github.com/mGalarnyk/Python_Tutorials/blob/master/Python_Basics/Intro/PythonBasicsPrimeNumbers.ipynb	28	Science & Technology	PT10M46S	646	2d	hd	false	https://i.ytimg.com/vi/apEjxRmIp0I/maxresdefault.jpg		8369	42	8	0	2
16	UC2QvKS5O6QhqaZi4LyAEUnA	Michael Galarnyk	q1vVedHbkAY	2017-08-02T08:36:32Z	2017-08-02 08:36:32	Setting up and using Jupyter (IPython) Notebooks on AWS	Tutorial on setting up and using Jupyter (IPython) Notebooks on AWS Blog Post: https://medium.com/@GalarnykMichael/setting-up-and-using-jupyter-notebooks-on-aws-61a9648db6c5 Previous Youtube Video (Starting a Jupyter (IPython) Notebook Server on AWS ): https://www.youtube.com/watch?v=YBdYTgwb2OM	28	Science & Technology	PT4M23S	263	2d	hd	false	https://i.ytimg.com/vi/q1vVedHbkAY/maxresdefault.jpg		18728	102	4	0	19
17	UC2QvKS5O6QhqaZi4LyAEUnA	Michael Galarnyk	4-YBLBFcADk	2017-07-16T23:37:05Z	2017-07-16 23:37:05	Install PyCharm and Anaconda on Windows, Mac, and Ubuntu	Blog Post: https://medium.com/@GalarnykMichael/setting-up-pycharm-with-anaconda-plus-installing-packages-windows-mac-db2b158bd8c Installing PyCharm and Anaconda on Windows, Mac, and Ubuntu. This tutorial goes over installing PyCharm, choosing an interpreter, installing packages, and dealing with Java issues.	28	Science & Technology	PT10M8S	608	2d	hd	false	https://i.ytimg.com/vi/4-YBLBFcADk/maxresdefault.jpg		65649	124	58	0	10
18	UC2QvKS5O6QhqaZi4LyAEUnA	Michael Galarnyk	71iXeuKFcQM	2017-07-09T23:05:33Z	2017-07-09 23:05:33	Logistic Regression using Python (Sklearn, NumPy, MNIST, Handwriting Recognition, Matplotlib)	Logistic Regression using Python (Sklearn, NumPy, MNIST, Handwriting Recognition, Matplotlib). This tutorial goes over logistic regression using sklearn on the digits and MNIST datasets including making confusion matrixes. Logistic Regression Code + Blog Post: https://medium.com/@GalarnykMichael/logistic-regression-using-python-sklearn-numpy-mnist-handwriting-recognition-matplotlib-a6b31e2b166a	28	Science & Technology	PT13M11S	791	2d	hd	false	https://i.ytimg.com/vi/71iXeuKFcQM/maxresdefault.jpg		32042	202	2	0	25
19	UC2QvKS5O6QhqaZi4LyAEUnA	Michael Galarnyk	l_dIleafLZ8	2017-06-20T02:27:03Z	2017-06-20 02:27:03	Python Word Count (Filter out Punctuation, Dictionary Manipulation, and Sorting Lists)	Code: https://medium.com/@GalarnykMichael/python-basics-11-word-count-filter-out-punctuation-dictionary-manipulation-and-sorting-lists-3f6c55420855 Task: Compute the number of times each word occurs (counting words) For the text below, a) Clean punctuation and transform all words to lower case. b) Output a list of word count pairs sorted from highest to lowest count.	28	Science & Technology	PT8M29S	509	2d	hd	false	https://i.ytimg.com/vi/l_dIleafLZ8/maxresdefault.jpg		26070	185	7	0	23
20	UC2QvKS5O6QhqaZi4LyAEUnA	Michael Galarnyk	LlIqrWJaBcQ	2017-06-15T12:42:35Z	2017-06-15 12:42:35	Python Dictionaries and Dictionary Manipulation	Python Dictionary and Dictionary Methods. Blog/Code: https://medium.com/@GalarnykMichael/python-basics-10-dictionaries-and-dictionary-methods-4e9efa70f5b9	28	Science & Technology	PT6M38S	398	2d	hd	false	https://i.ytimg.com/vi/LlIqrWJaBcQ/maxresdefault.jpg		5703	33	5	0	4
21	UC2QvKS5O6QhqaZi4LyAEUnA	Michael Galarnyk	gUHeaQ0qZaw	2017-06-11T09:42:17Z	2017-06-11 09:42:17	Python Tuples, Tuple Manipulation, and Fibonacci Sequence	Code used in Tutorial: https://github.com/mGalarnyk/Python_Tutorials/blob/master/Python_Basics/Intro/PythonBasicsTuples.ipynb	28	Science & Technology	PT9M51S	591	2d	hd	false	https://i.ytimg.com/vi/gUHeaQ0qZaw/maxresdefault.jpg		1214	11	0	0	7
22	UC2QvKS5O6QhqaZi4LyAEUnA	Michael Galarnyk	XR1QFrbPRnw	2017-06-05T11:30:08Z	2017-06-05 11:30:08	Python Interview Question FizzBuzz	Code used in Tutorial: https://github.com/mGalarnyk/Python_Tutorials/blob/master/Python_Basics/Intro/PythonBasicsFizzBuzz.ipynb Blog Post: https://medium.com/@GalarnykMichael/python-basics-8-fizzbuzz-441e97c6c767	28	Science & Technology	PT8M1S	481	2d	hd	false	https://i.ytimg.com/vi/XR1QFrbPRnw/maxresdefault.jpg		5693	30	1	0	6
23	UC2QvKS5O6QhqaZi4LyAEUnA	Michael Galarnyk	8fswDyk9UIY	2017-06-05T08:58:46Z	2017-06-05 08:58:46	Python For Loops	Code used in Tutorial: https://github.com/mGalarnyk/Python_Tutorials/blob/master/Python_Basics/Intro/PythonBasicsForLoops.ipynb Blog Post on Tutorial:	28	Science & Technology	PT11M23S	683	2d	hd	false	https://i.ytimg.com/vi/8fswDyk9UIY/maxresdefault.jpg		1146	16	1	0	5
24	UC2QvKS5O6QhqaZi4LyAEUnA	Michael Galarnyk	w9I8R3WSVqc	2017-05-29T20:34:03Z	2017-05-29 20:34:03	Python List and List Manipulation	Code Used in the Video (Github): https://medium.com/@GalarnykMichael/python-basics-6-lists-and-list-manipulation-a56be62b1f95	28	Science & Technology	PT7M20S	440	2d	hd	false	https://i.ytimg.com/vi/w9I8R3WSVqc/maxresdefault.jpg		9861	42	2	0	5
25	UC2QvKS5O6QhqaZi4LyAEUnA	Michael Galarnyk	NxBBBPjusyA	2017-05-21T23:30:16Z	2017-05-21 23:30:16	Python Elif Statements	Github (Code): https://github.com/mGalarnyk/Python_Tutorials/blob/master/Python_Basics/Intro/Python3Basics_Part1.ipynb	28	Science & Technology	PT10M32S	632	2d	hd	false	https://i.ytimg.com/vi/NxBBBPjusyA/maxresdefault.jpg		409	13	0	0	4
26	UC2QvKS5O6QhqaZi4LyAEUnA	Michael Galarnyk	e9ZMSHYwtDM	2017-05-20T02:41:13Z	2017-05-20 02:41:13	Python Else Statements	Github (Code): https://github.com/mGalarnyk/Python_Tutorials/blob/master/Python_Basics/Intro/Python3Basics_Part1.ipynb	28	Science & Technology	PT5M25S	325	2d	hd	false	https://i.ytimg.com/vi/e9ZMSHYwtDM/maxresdefault.jpg		400	11	0	0	0
27	UC2QvKS5O6QhqaZi4LyAEUnA	Michael Galarnyk	317X-OQCs0Q	2017-05-05T22:21:27Z	2017-05-05 22:21:27	Python If Statements	Github: https://github.com/mGalarnyk/Python_Tutorials/blob/master/Python_Basics/Intro/Python3Basics_Part1.ipynb Blog: https://medium.com/@GalarnykMichael/python-basics-3-if-statements-bcc29c09c710	28	Science & Technology	PT6M57S	417	2d	hd	false	https://i.ytimg.com/vi/317X-OQCs0Q/maxresdefault.jpg		753	19	0	0	2
28	UC2QvKS5O6QhqaZi4LyAEUnA	Michael Galarnyk	30ghRykclIU	2017-05-02T01:54:58Z	2017-05-02 01:54:58	Python Math Operators	Github: https://github.com/mGalarnyk/Python_Tutorials/blob/master/Python_Basics/Intro/Python3Basics_Part1.ipynb Blog: https://medium.com/@GalarnykMichael/python-basics-2-simple-math-4ac7cc928738	28	Science & Technology	PT3M28S	208	2d	hd	false	https://i.ytimg.com/vi/30ghRykclIU/maxresdefault.jpg		953	16	1	0	0
29	UC2QvKS5O6QhqaZi4LyAEUnA	Michael Galarnyk	JqGjkNzzU4s	2017-04-29T03:11:46Z	2017-04-29 03:11:46	Python Hello World and String Manipulation	Step by step tutorial (blog): https://medium.com/@GalarnykMichael/python-basics-1-hello-world-and-strings-de0d17857c93 Github: https://github.com/mGalarnyk/Python_Tutorials/blob/master/Python_Basics/Intro/Python3Basics_Part1.ipynb	22	People & Blogs	PT8M27S	507	2d	hd	false	https://i.ytimg.com/vi/JqGjkNzzU4s/maxresdefault.jpg		28916	53	2	0	11
30	UC2QvKS5O6QhqaZi4LyAEUnA	Michael Galarnyk	rFCBiP9Gkoo	2017-04-07T10:20:11Z	2017-04-07 10:20:11	Environment Management with Conda (Multiple Python Versions, Configuring Jupyter Notebooks)	Environment Management with Conda plus using both Python 2 and Python 3 Environments in IPython Notebooks. This allows you to use multiple versions of Python on Windows, Mac, and Ubuntu. Blog Post: https://medium.com/towards-data-science/environment-management-with-conda-python-2-3-b9961a8a5097	22	People & Blogs	PT14M2S	842	2d	hd	false	https://i.ytimg.com/vi/rFCBiP9Gkoo/maxresdefault.jpg		32214	324	10	0	73
31	UC2QvKS5O6QhqaZi4LyAEUnA	Michael Galarnyk	t63PS3kiTTQ	2017-04-03T02:16:17Z	2017-04-03 02:16:17	Install Spark on Windows (PySpark) + Configure Jupyter Notebook	Step by Step Guide: https://medium.com/@GalarnykMichael/install-spark-on-windows-pyspark-4498a5d8d66c Estimating Pi: https://github.com/mGalarnyk/Installations_Mac_Ubuntu_Windows/blob/master/Spark/Estimating%20PI.ipynb	22	People & Blogs	PT12M8S	728	2d	hd	false	https://i.ytimg.com/vi/t63PS3kiTTQ/maxresdefault.jpg		81399	359	26	0	124
32	UC2QvKS5O6QhqaZi4LyAEUnA	Michael Galarnyk	IhkvMPE9Jxs	2017-03-23T09:55:20Z	2017-03-23 09:55:20	Data Scientist’s Toolbox Project (JHU Coursera, Course 1)	Github: https://github.com/mGalarnyk/datasciencecoursera Blog: https://medium.com/towards-data-science/review-course-1-the-data-scientists-toolbox-jhu-coursera-4d7459458821#.v7o3zi8rs This video goes over how to fix possible git issues with the project	22	People & Blogs	PT13M2S	782	2d	hd	false	https://i.ytimg.com/vi/IhkvMPE9Jxs/maxresdefault.jpg		24187	266	5	0	24
33	UC2QvKS5O6QhqaZi4LyAEUnA	Michael Galarnyk	OHsVCP7NEbc	2017-02-28T04:28:58Z	2017-02-28 04:28:58	Making a Website on Github (part 1)	Step by Step Guide: https://medium.com/@GalarnykMichael/making-a-github-io-website-without-knowing-git-8e27d4bcaabf#.n3ohyb30d Please let me know if you have any questions.	22	People & Blogs	PT5M24S	324	2d	hd	false	https://i.ytimg.com/vi/OHsVCP7NEbc/maxresdefault.jpg		3892	46	4	0	3
34	UC2QvKS5O6QhqaZi4LyAEUnA	Michael Galarnyk	zhATK_1fHl0	2017-02-16T08:28:45Z	2017-02-16 08:28:45	How to Record Videos on Mac	Step by step guide: https://medium.com/@GalarnykMichael/recording-movies-on-mac-youtube-d206c5ca8f4e#.kmsmij34o Next video covers how to edit videos:	22	People & Blogs	PT1M48S	108	2d	hd	false	https://i.ytimg.com/vi/zhATK_1fHl0/maxresdefault.jpg		1039	9	0	0	1
35	UC2QvKS5O6QhqaZi4LyAEUnA	Michael Galarnyk	GAGUDL-4aVw	2017-02-02T04:41:10Z	2017-02-02 04:41:10	Install R and RStudio on Windows 7, 8, and 10	Step by Step Guide: https://medium.com/@GalarnykMichael/install-r-and-rstudio-on-windows-5f503f708027#.mr74smj4c	22	People & Blogs	PT3M29S	209	2d	hd	false	https://i.ytimg.com/vi/GAGUDL-4aVw/maxresdefault.jpg		82512	331	22	0	36
36	UC2QvKS5O6QhqaZi4LyAEUnA	Michael Galarnyk	t9Vrof-MPUI	2017-01-30T01:05:29Z	2017-01-30 01:05:29	Linear Regression using R	Linear Regression using R Step by Step Guide (with code): https://medium.com/@GalarnykMichael/univariate-linear-regression-using-r-programming-3db499bdd1e3#.facm8rs4x	22	People & Blogs	PT4M45S	285	2d	hd	false	https://i.ytimg.com/vi/t9Vrof-MPUI/maxresdefault.jpg		9479	33	1	0	3
37	UC2QvKS5O6QhqaZi4LyAEUnA	Michael Galarnyk	M_PnapGrpNI	2017-01-25T05:07:20Z	2017-01-25 05:07:20	Twitter API using R (part1)	Step by Step Guide: https://medium.com/@GalarnykMichael/accessing-data-from-twitter-api-using-r-part1-b387a1c7d3e#.cjisrtv0v	22	People & Blogs	PT4M9S	249	2d	hd	false	https://i.ytimg.com/vi/M_PnapGrpNI/maxresdefault.jpg		11615	58	1	0	13
38	UC2QvKS5O6QhqaZi4LyAEUnA	Michael Galarnyk	xCPWRP_WqYQ	2017-01-21T04:18:35Z	2017-01-21 04:18:35	Github API using R	Step by Step Guide: https://medium.com/@GalarnykMichael/accessing-data-from-github-api-using-r-3633fb62cb08#.40dk13rdr	22	People & Blogs	PT4M6S	246	2d	hd	false	https://i.ytimg.com/vi/xCPWRP_WqYQ/maxresdefault.jpg		7648	90	2	0	18
39	UC2QvKS5O6QhqaZi4LyAEUnA	Michael Galarnyk	GsuA5ugYqyw	2016-11-19T08:17:45Z	2016-11-19 08:17:45	Install R and RStudio on Ubuntu 12.04/14.04/16.04	Link to Blog with Instructions: https://medium.com/@GalarnykMichael/install-r-and-rstudio-on-ubuntu-12-04-14-04-16-04-b6b3107f7779#.xdz3i1zhe Ubuntu 12.04: https://github.com/mGalarnyk/Installations_Mac_Ubuntu_Windows/blob/master/RStudio/RStudioUbuntu1204.bash Ubuntu 14.04: https://github.com/mGalarnyk/Installations_Mac_Ubuntu_Windows/blob/master/RStudio/RStudioUbuntu1404.bash Ubuntu 16.04: https://github.com/mGalarnyk/Installations_Mac_Ubuntu_Windows/blob/master/RStudio/RStudioUbuntu1604.bash Blog: https://medium.com/@GalarnykMichael/install-r-and-rstudio-on-ubuntu-12-04-14-04-16-04-b6b3107f7779#.l1vvpupg5	22	People & Blogs	PT8M16S	496	2d	hd	false	https://i.ytimg.com/vi/GsuA5ugYqyw/maxresdefault.jpg		17941	77	0	0	17
40	UC2QvKS5O6QhqaZi4LyAEUnA	Michael Galarnyk	IvPTA-joTA8	2016-09-25T02:53:42Z	2016-09-25 02:53:42	Setting up TensorFlow 0.10 with Python 2.7 OR 3.5 with Anaconda on AWS GPU-instance	Link to Guide: https://github.com/mGalarnyk/Installations_Mac_Ubuntu_Windows/blob/master/TensorFlow/Setting_up_TensorFlow_0.10_Python%202.7_or_3.5_on_AWS_GPU-instance.ipynb Setting up TensorFlow 0.10 with Python 2.7 or 3.5 with anaconda. Let me know if you have any questions.	22	People & Blogs	PT4M25S	265	2d	hd	false	https://i.ytimg.com/vi/IvPTA-joTA8/maxresdefault.jpg		6276	25	3	0	6
41	UC2QvKS5O6QhqaZi4LyAEUnA	Michael Galarnyk	NHwXkvwSd7E	2016-09-19T03:23:53Z	2016-09-19 03:23:53	3D Heatmaps and Subplotting using Matplotlib and Seaborn (Subscriber Request)	Link to the Code: https://github.com/mGalarnyk/Python_Tutorials/blob/master/Request/Heat%20Maps%20using%20Matplotlib%20and%20Seaborn.ipynb An update to the heatmaps using matplotlib, seaborn, and pandas on biological data video (https://www.youtube.com/watch?v=m7uXFyPN2Sk) by subscriber request.	22	People & Blogs	PT4M57S	297	2d	hd	false	https://i.ytimg.com/vi/NHwXkvwSd7E/maxresdefault.jpg		6916	43	1	0	4
42	UC2QvKS5O6QhqaZi4LyAEUnA	Michael Galarnyk	YBdYTgwb2OM	2016-09-08T04:26:12Z	2016-09-08 04:26:12	AWS EC2: Part 4 Starting a Jupyter (IPython) Notebook Server on AWS	Step by Step Guide: https://medium.com/@GalarnykMichael/aws-ec2-part-4-starting-a-jupyter-ipython-notebook-server-on-aws-549d87a55ba9#.bclj4lsmn Github: https://github.com/mGalarnyk/Installations_Mac_Ubuntu_Windows/blob/master/AWS/Part_4_IPython_Notebook_Server_on_AWS_EC2_Instance.ipynb Starting a Jupyter Notebook Server on AWS. Please comment if and when you have a problem. I will reply promptly.	22	People & Blogs	PT7M4S	424	2d	hd	false	https://i.ytimg.com/vi/YBdYTgwb2OM/maxresdefault.jpg		20939	119	1	0	96
43	UC2QvKS5O6QhqaZi4LyAEUnA	Michael Galarnyk	uhVYTNEe_-A	2016-09-05T00:43:31Z	2016-09-05 00:43:31	Install Spark on Ubuntu (PySpark) + Configure Jupyter Notebook	Step by Step Guide: https://medium.com/@GalarnykMichael/install-spark-on-ubuntu-pyspark-231c45677de0#.5jh10rwow Github: https://github.com/mGalarnyk/Installations_Mac_Ubuntu_Windows/blob/master/Spark/Install_Apache_Spark_PySpark_Linux.ipynb	22	People & Blogs	PT6M8S	368	2d	hd	false	https://i.ytimg.com/vi/uhVYTNEe_-A/maxresdefault.jpg		30027	114	14	0	21
44	UC2QvKS5O6QhqaZi4LyAEUnA	Michael Galarnyk	m7uXFyPN2Sk	2016-08-31T05:39:42Z	2016-08-31 05:39:42	Heatmaps using Matplotlib, Seaborn, and Pandas	Link to Code: https://github.com/mGalarnyk/Python_Tutorials/blob/master/Request/Heat%20Maps%20using%20Matplotlib%20and%20Seaborn.ipynb This tutorial goes over how to make Beautiful Heatmaps using Matplotlib, Seaborn, and Pandas (Python libraries). How to import data using pandas, utilizing groupby on data, an excel like pivot for transforming dataframes, and finally plotting using Matplotlib and Seaborn.	22	People & Blogs	PT7M56S	476	2d	hd	false	https://i.ytimg.com/vi/m7uXFyPN2Sk/maxresdefault.jpg		33231	214	16	0	15
45	UC2QvKS5O6QhqaZi4LyAEUnA	Michael Galarnyk	HJ_ayBsZytg	2016-08-22T04:56:48Z	2016-08-22 04:56:48	AWS EC2: Part 3 Installing Anaconda on EC2 Linux	Link to Step by Step Guide: https://medium.com/@GalarnykMichael/aws-ec2-part-3-installing-anaconda-on-ec2-linux-ubuntu-dbef0835818a#.skjum3j5v Github: https://github.com/mGalarnyk/Installations_Mac_Ubuntu_Windows/blob/master/AWS/Part_3_Installing_Anaconda_on_EC2_Instance_wget.ipynb Part 1: making EC2 instance https://www.youtube.com/watch?v=3KHI5mBV8MY Part 2: ssh into EC2 Instance https://www.youtube.com/watch?v=l53QjtPvF_A	22	People & Blogs	PT6M22S	382	2d	hd	false	https://i.ytimg.com/vi/HJ_ayBsZytg/maxresdefault.jpg		13135	76	1	0	14
46	UC2QvKS5O6QhqaZi4LyAEUnA	Michael Galarnyk	l53QjtPvF_A	2016-08-22T00:36:46Z	2016-08-22 00:36:46	AWS EC2: Part 2 ssh into EC2 Instance	Step by Step Guide: https://medium.com/@GalarnykMichael/aws-ec2-part-2-ssh-into-ec2-instance-c7879d47b6b2#.a1njnvycp Github: https://github.com/mGalarnyk/Installations_Mac_Ubuntu_Windows/blob/master/AWS/Part_2_ssh_into_EC2_Instance.ipynb	22	People & Blogs	PT3M53S	233	2d	hd	false	https://i.ytimg.com/vi/l53QjtPvF_A/maxresdefault.jpg		24972	49	2	0	16
47	UC2QvKS5O6QhqaZi4LyAEUnA	Michael Galarnyk	3KHI5mBV8MY	2016-08-21T21:16:27Z	2016-08-21 21:16:27	AWS EC2 Part 1: Create EC2 Instance	Step by Step Guide: https://medium.com/@GalarnykMichael/aws-ec2-part-1-creating-ec2-instance-9d7f8368f78a#.qv7k8ogtb Github: https://github.com/mGalarnyk/Installations_Mac_Ubuntu_Windows/blob/master/AWS/Part_1_Making%20EC2_Instance.ipynb Part 2: ssh into EC2 Instance https://www.youtube.com/watch?v=l53QjtPvF_A	22	People & Blogs	PT2M54S	174	2d	hd	false	https://i.ytimg.com/vi/3KHI5mBV8MY/maxresdefault.jpg		7565	46	0	0	5
48	UC2QvKS5O6QhqaZi4LyAEUnA	Michael Galarnyk	1S5UKLqe-gg	2016-08-10T03:44:08Z	2016-08-10 03:44:08	Time Series Data Basics with Pandas Part 2: Price Variation from Pandas GroupBy	Link to the Code: https://github.com/mGalarnyk/Python_Tutorials/blob/master/Time_Series/Part2_Time_Series_Data_Price_Variation_ShiftingGroupBy.ipynb This code demonstrates how to view time series data in pandas as well as shifting dataframe, groupby datetime (daily, weekly, monthly), and price variation by day, month, year etc.	22	People & Blogs	PT8M2S	482	2d	hd	false	https://i.ytimg.com/vi/1S5UKLqe-gg/maxresdefault.jpg		5543	82	0	0	2
49	UC2QvKS5O6QhqaZi4LyAEUnA	Michael Galarnyk	OwnaUVt6VVE	2016-08-02T04:01:25Z	2016-08-02 04:01:25	Time Series Data Basics with Pandas Part 1: Rolling Mean, Regression, and Plotting	Link to the code: https://github.com/mGalarnyk/Python_Tutorials/blob/master/Time_Series/Part1_Time_Series_Data_BasicPlotting.ipynb Viewing Pandas DataFrame, Adding Columns in Pandas, Plotting Two Pandas Columns, Sampling Using Pandas, Rolling mean in Pandas (Smoothing), Subplots, Plotting against Date (numpy.datetime), Filtering DataFrame in Pandas, Simple Joins, and Linear Regression. This tutorial is mostly focused on manipulating time series data in the Pandas Python Library.	22	People & Blogs	PT10M54S	654	2d	hd	false			52200	526	20	0	35
50	UC2QvKS5O6QhqaZi4LyAEUnA	Michael Galarnyk	jg7Z8ctKpEs	2016-07-22T03:49:34Z	2016-07-22 03:49:34	Word Count using PySpark	Link to Jupyter Notebook: https://github.com/mGalarnyk/Python_Tutorials/blob/master/PySpark_Basics/PySpark_Part1_Word_Count_Removing_Punctuation_Pride_Prejudice.ipynb	22	People & Blogs	PT9M38S	578	2d	hd	false	https://i.ytimg.com/vi/jg7Z8ctKpEs/maxresdefault.jpg		13785	68	6	0	7
51	UC2QvKS5O6QhqaZi4LyAEUnA	Michael Galarnyk	I5JtvpyM14U	2016-04-20T10:40:54Z	2016-04-20 10:40:54	Install Spark on Mac + Configure Jupyter Notebook (Python)	Step by Step Guide: https://medium.com/@GalarnykMichael/install-spark-on-mac-pyspark-453f395f240b#.be80dcqat (I replaced the github link with a more updated blog post)	22	People & Blogs	PT8M13S	493	2d	hd	false	https://i.ytimg.com/vi/I5JtvpyM14U/maxresdefault.jpg		30573	164	7	0	89
52	UC2QvKS5O6QhqaZi4LyAEUnA	Michael Galarnyk	jo4RMiM-ihs	2016-01-14T01:11:54Z	2016-01-14 01:11:54	Install Anaconda on Ubuntu (Python)	Step by step guide: https://medium.com/@GalarnykMichael/install-python-on-ubuntu-anaconda-65623042cb5a#.am25alxws Github:https://github.com/mGalarnyk/Installations_Mac_Ubuntu_Windows/blob/master/Anaconda/Anaconda_Install_Instructions_Ubuntu.ipynb If you are having issues, theres a good chance typing the command: source .bashrc	22	People & Blogs	PT4M3S	243	2d	hd	false	https://i.ytimg.com/vi/jo4RMiM-ihs/maxresdefault.jpg		79672	187	42	0	69
53	UC2QvKS5O6QhqaZi4LyAEUnA	Michael Galarnyk	KH2yIk03jFc	2016-01-07T23:07:53Z	2016-01-07 23:07:53	Install Python on Windows (Anaconda)	Install Anaconda on Windows (Python) (anaconda, ipython notebook). https://medium.com/@GalarnykMichael/install-python-on-windows-anaconda-c63c7c3d1444#.x2yb9aq5v	22	People & Blogs	PT2M54S	174	2d	hd	false	https://i.ytimg.com/vi/KH2yIk03jFc/maxresdefault.jpg		3680	18	0	0	1
54	UC2QvKS5O6QhqaZi4LyAEUnA	Michael Galarnyk	WbNYvYCs9BY	2015-12-23T09:54:59Z	2015-12-23 09:54:59	Convert IPython Notebook to pdf and html format	Quick tutorial on how to convert ipynb to pdf and html format on Mac OS X MacTeX Download: https://tug.org/mactex/mactex-download.html Official Documentation: https://ipython.org/ipython-doc/1/interactive/nbconvert.html	22	People & Blogs	PT2M9S	129	2d	hd	false	https://i.ytimg.com/vi/WbNYvYCs9BY/maxresdefault.jpg		19117	36	16	0	6
55	UC2QvKS5O6QhqaZi4LyAEUnA	Michael Galarnyk	dSYJVbj4Eew	2015-12-23T09:13:43Z	2015-12-23 09:13:43	Linear Regression Python (sklearn, numpy, pandas)	Step by Step Guide: https://medium.com/@GalarnykMichael/linear-regression-using-python-b29174c3797a#.mxd9tjl4z Github: https://github.com/mGalarnyk/Python_Tutorials/blob/master/Python_Basics/Linear_Regression/Linear_Regression_Python.ipynb	22	People & Blogs	PT2M5S	125	2d	hd	false	https://i.ytimg.com/vi/dSYJVbj4Eew/maxresdefault.jpg		28468	115	19	0	24
56	UC2QvKS5O6QhqaZi4LyAEUnA	Michael Galarnyk	B6d5LrA8bNE	2015-12-18T15:33:25Z	2015-12-18 15:33:25	Install Anaconda (Python) on Mac	Quick tutorial on how to install anaconda on Mac OS X (Python) Step by Step Guide: https://medium.com/@GalarnykMichael/install-python-on-mac-anaconda-ccd9f2014072#.fecd986al Github: https://github.com/mGalarnyk/Installations_Mac_Ubuntu_Windows/blob/master/Anaconda/Anaconda%20Install%20Instructions%20-%20Mac%20OS%20X.ipynb	22	People & Blogs	PT2M37S	157	2d	hd	false	https://i.ytimg.com/vi/B6d5LrA8bNE/maxresdefault.jpg		19282	27	4	0	9
57	UC2QvKS5O6QhqaZi4LyAEUnA	Michael Galarnyk	AqIrdW2-K6k	2015-11-24T00:00:23Z	2015-11-24 00:00:23	Solving System of Linear Equations using Python (linear algebra, numpy)	Solving System of Linear Equations using Python (linear algebra, numpy) Defining matrices, multiplying matrices, finding the inverse etc Step by Guide + Alternative Method: https://medium.com/@GalarnykMichael/solving-system-of-linear-equations-using-python-645ad1904cec#.xn2gaw51r https://github.com/mGalarnyk/Python_Tutorials/blob/master/Python_Basics/Solving_Systems_Equations/Solving%20System%20of%20Linear%20Equations%20using%20Python.ipynb http://docs.scipy.org/doc/numpy-1.10.1/reference/routines.linalg.html	22	People & Blogs	PT5M8S	308	2d	hd	false	https://i.ytimg.com/vi/AqIrdW2-K6k/maxresdefault.jpg		35228	229	12	0	17
58	UC2QvKS5O6QhqaZi4LyAEUnA	Michael Galarnyk	igPtFauGoA8	2015-10-24T10:59:33Z	2015-10-24 10:59:33	Ellipse Shaped Image Cropping using MATLAB	Quick Video on using imellipse to crop images in MATLAB. %The code in this video is listed below. [FileName,PathName] = uigetfile({'*.jpg;*.tif;*.png;*.gif','All Image Files'},'Please Select an Image'); image = imread([PathName FileName]); imshow(image) %needed to use imellipse user_defined_ellipse = imellipse(gca, []); % creates user defined ellipse object. wait(user_defined_ellipse);% You need to click twice to continue. MASK = double(user_defined_ellipse.createMask()); new_image_name = [PathName 'Cropped_Image_' FileName]; new_image_name = new_image_name(1:strfind(new_image_name,'.')-1); %removing the .jpg, .tiff, etc new_image_name = [new_image_name '.png']; % making the image .png so it can be transparent imwrite(image, new_image_name,'png','Alpha',MASK); msg = msgbox(['The image was written to ' new_image_name],'New Image Path'); waitfor(msg);	22	People & Blogs	PT1M9S	69	2d	hd	false	https://i.ytimg.com/vi/igPtFauGoA8/maxresdefault.jpg		4185	15	0	0	14
